,shichva
0,35
1,8
2,9
3,39
4,14
5,30
6,10
7,11
8,9
9,6
10,10
11,12
12,3
13,14
14,11
15,11
16,16
17,39
18,8
19,37
20,9
21,11
22,4
23,11
24,20
25,5
26,10
27,27
28,3
29,5
30,4
31,5
32,3
33,26
34,13
35,7
36,12
37,12
38,9
39,4
40,8
41,8
42,28
43,9
44,8
45,21
46,1
47,13
48,12
49,28
50,46
51,39
52,14
53,25
54,9
55,32
56,5
57,10
58,25
59,10
60,38
61,54
62,4
63,7
64,9
65,10
66,46
67,5
68,5
69,4
70,3
71,31
72,11
73,29
74,14
75,29
76,6
77,52
78,27
79,38
80,9
81,9
82,30
83,38
84,9
85,14
86,7
87,40
88,30
89,12
90,3
91,12
92,38
93,3
94,30
95,4
96,1
97,9
98,10
99,14
100,37
101,31
102,25
103,38
104,16
105,14
106,8
107,31
108,3
109,12
110,9
111,26
112,20
113,10
114,18
115,8
116,1
117,9
118,9
119,4
120,8
121,9
122,31
123,4
124,18
125,11
126,28
127,9
128,3
129,21
130,3
131,15
132,52
133,10
134,9
135,4
136,31
137,1
138,12
139,33
140,4
141,14
142,13
143,13
144,10
145,32
146,9
147,6
148,9
149,9
150,37
151,51
152,31
153,38
154,9
155,5
156,27
157,37
158,3
159,34
160,32
161,28
162,26
163,9
164,30
165,10
166,10
167,27
168,9
169,18
170,10
171,13
172,13
173,24
174,7
175,11
176,33
177,16
178,9
179,9
180,1
181,8
182,4
183,10
184,35
185,19
186,25
187,9
188,9
189,3
190,36
191,1
192,12
193,51
194,44
195,11
196,1
197,3
198,13
199,10
200,1
201,19
202,4
203,9
204,7
205,19
206,37
207,4
208,4
209,40
210,10
211,20
212,4
213,36
214,9
215,23
216,46
217,14
218,9
219,30
220,10
221,18
222,21
223,9
224,14
225,14
226,10
227,11
228,9
229,4
230,10
231,6
232,39
233,9
234,12
235,10
236,25
237,32
238,31
239,6
240,12
241,13
242,13
243,27
244,9
245,11
246,13
247,7
248,6
249,10
250,7
251,10
252,22
253,4
254,6
255,5
256,5
257,4
258,23
259,12
260,10
261,7
262,9
263,11
264,5
265,11
266,5
267,4
268,16
269,12
270,16
271,33
272,12
273,10
274,12
275,16
276,39
277,27
278,39
279,30
280,12
281,11
282,1
283,7
284,10
285,30
286,12
287,10
288,20
289,25
290,6
291,8
292,1
293,14
294,37
295,6
296,7
297,9
298,14
299,9
300,11
301,4
302,7
303,10
304,9
305,3
306,13
307,6
308,5
309,51
310,4
311,1
312,5
313,17
314,23
315,9
316,6
317,4
318,12
319,53
320,20
321,10
322,24
323,9
324,10
325,9
326,14
327,43
328,24
329,32
330,6
331,7
332,24
333,13
334,16
335,31
336,9
337,38
338,37
339,18
340,45
341,11
342,9
343,3
344,32
345,38
346,44
347,5
348,6
349,5
350,45
351,10
352,3
353,38
354,21
355,11
356,10
357,11
358,9
359,13
360,23
361,12
362,10
363,37
364,3
365,25
366,7
367,20
368,10
369,39
370,10
371,9
372,39
373,7
374,3
375,4
376,11
377,13
378,3
379,24
380,31
381,50
382,5
383,27
384,18
385,10
386,3
387,3
388,13
389,18
390,44
391,9
392,17
393,13
394,52
395,5
396,12
397,10
398,4
399,21
400,1
401,13
402,33
403,36
404,7
405,9
406,38
407,37
408,4
409,12
410,17
411,5
412,56
413,5
414,13
415,12
416,4
417,4
418,4
419,1
420,10
421,31
422,9
423,3
424,11
425,24
426,9
427,23
428,8
429,23
430,33
431,7
432,51
433,11
434,9
435,30
436,27
437,30
438,5
439,11
440,26
441,39
442,4
443,24
444,8
445,3
446,4
447,10
448,10
449,11
450,51
451,10
452,4
453,21
454,11
455,31
456,9
457,11
458,26
459,23
460,8
461,8
462,20
463,11
464,40
465,33
466,37
467,3
468,3
469,10
470,29
471,9
472,16
473,9
474,48
475,33
476,26
477,11
478,6
479,5
480,8
481,11
482,11
483,6
484,24
485,15
486,12
487,9
488,28
489,30
490,12
491,30
492,30
493,1
494,52
495,26
496,10
497,8
498,5
499,45
500,5
501,9
502,8
503,4
504,23
505,6
506,13
507,5
508,13
509,12
510,9
511,7
512,14
513,10
514,20
515,30
516,5
517,10
518,16
519,3
520,5
521,10
522,10
523,21
524,4
525,4
526,4
527,10
528,28
529,4
530,22
531,8
532,38
533,9
534,31
535,13
536,24
537,16
538,3
539,13
540,23
541,4
542,13
543,11
544,3
545,1
546,6
547,13
548,8
549,9
550,5
551,9
552,35
553,4
554,19
555,10
556,44
557,1
558,27
559,11
560,33
561,37
562,12
563,10
564,38
565,5
566,9
567,14
568,13
569,4
570,5
571,11
572,51
573,10
574,4
575,14
576,5
577,4
578,25
579,38
580,12
581,25
582,5
583,21
584,3
585,9
586,3
587,36
588,12
589,39
590,29
591,3
592,33
593,32
594,38
595,9
596,32
597,36
598,3
599,26
600,9
601,3
602,37
603,13
604,26
605,12
606,12
607,12
608,31
609,4
610,11
611,12
612,9
613,46
614,53
615,10
616,32
617,9
618,12
619,9
620,9
621,3
622,10
623,10
624,11
625,7
626,18
627,16
628,5
629,4
630,12
631,9
632,1
633,12
634,12
635,6
636,6
637,36
638,28
639,11
640,22
641,10
642,14
643,31
644,24
645,27
646,13
647,6
648,8
649,1
650,9
651,10
652,10
653,1
654,23
655,3
656,4
657,39
658,27
659,9
660,18
661,14
662,3
663,19
664,10
665,24
666,12
667,10
668,41
669,9
670,9
671,7
672,13
673,1
674,5
675,16
676,1
677,41
678,7
679,9
680,13
681,37
682,23
683,6
684,37
685,32
686,6
687,8
688,46
689,37
690,4
691,16
692,13
693,3
694,41
695,5
696,13
697,1
698,3
699,9
700,11
701,30
702,3
703,37
704,1
705,9
706,3
707,9
708,12
709,9
710,9
711,9
712,9
713,33
714,10
715,12
716,28
717,29
718,1
719,10
720,11
721,12
722,11
723,3
724,30
725,10
726,25
727,3
728,15
729,9
730,4
731,6
732,11
733,9
734,9
735,11
736,1
737,11
738,23
739,4
740,1
741,1
742,4
743,9
744,38
745,25
746,8
747,3
748,9
749,9
750,18
751,37
752,12
753,1
754,24
755,17
756,8
757,3
758,24
759,9
760,12
761,30
762,36
763,12
764,5
765,11
766,11
767,3
768,24
769,6
770,16
771,12
772,5
773,52
774,5
775,26
776,9
777,39
778,7
779,9
780,21
781,3
782,26
783,6
784,7
785,3
786,1
787,9
788,5
789,17
790,14
791,1
792,1
793,6
794,38
795,6
796,10
797,6
798,31
799,3
800,9
801,9
802,9
803,23
804,11
805,11
806,37
807,25
808,17
809,8
810,46
811,9
812,5
813,7
814,13
815,51
816,12
817,31
818,9
819,13
820,12
821,1
822,9
823,9
824,8
825,4
826,14
827,11
828,27
829,39
830,9
831,18
832,9
833,10
834,9
835,10
836,4
837,39
838,25
839,9
840,13
841,26
842,10
843,38
844,16
845,28
846,5
847,36
848,9
849,10
850,13
851,11
852,3
853,41
854,28
855,21
856,9
857,18
858,4
859,4
860,27
861,3
862,37
863,9
864,38
865,27
866,24
867,6
868,1
869,56
870,6
871,10
872,23
873,11
874,3
875,13
876,3
877,4
878,27
879,12
880,9
881,4
882,16
883,6
884,18
885,14
886,17
887,9
888,13
889,14
890,4
891,54
892,29
893,30
894,7
895,10
896,9
897,9
898,14
899,9
900,12
901,12
902,26
903,29
904,33
905,4
906,25
907,9
908,11
909,7
910,10
911,9
912,11
913,29
914,35
915,4
916,16
917,10
918,31
919,29
920,9
921,9
922,3
923,9
924,13
925,30
926,5
927,22
928,11
929,19
930,4
931,8
932,19
933,5
934,9
935,9
936,9
937,27
938,1
939,9
940,10
941,9
942,11
943,52
944,10
945,4
946,25
947,31
948,5
949,11
950,6
951,3
952,13
953,12
954,6
955,9
956,3
957,5
958,9
959,11
960,25
961,11
962,8
963,21
964,4
965,4
966,10
967,11
968,8
969,1
970,10
971,9
972,12
973,37
974,14
975,9
976,13
977,8
978,12
979,14
980,37
981,9
982,37
983,9
984,24
985,18
986,11
987,9
988,9
989,5
990,9
991,6
992,3
993,3
994,6
995,14
996,9
997,1
998,9
999,1
1000,9
1001,6
1002,1
1003,3
1004,10
1005,7
1006,9
1007,3
1008,31
1009,6
1010,21
1011,1
1012,11
1013,10
1014,12
1015,6
1016,10
1017,10
1018,12
1019,35
1020,9
1021,5
1022,28
1023,13
1024,10
1025,36
1026,11
1027,5
1028,11
1029,9
1030,9
1031,7
1032,30
1033,6
1034,17
1035,3
1036,9
1037,13
1038,10
1039,12
1040,3
1041,17
1042,37
1043,14
1044,13
1045,10
1046,9
1047,9
1048,4
1049,13
1050,11
1051,6
1052,25
1053,46
1054,30
1055,5
1056,5
1057,13
1058,5
1059,10
1060,4
1061,42
1062,11
1063,3
1064,13
1065,36
1066,9
1067,18
1068,12
1069,4
1070,29
1071,24
1072,25
1073,4
1074,4
1075,12
1076,9
1077,12
1078,11
1079,38
1080,4
1081,10
1082,8
1083,37
1084,37
1085,38
1086,46
1087,9
1088,10
1089,10
1090,37
1091,9
1092,3
1093,4
1094,12
1095,23
1096,30
1097,9
1098,32
1099,10
1100,23
1101,10
1102,12
1103,13
1104,8
1105,19
1106,3
1107,9
1108,24
1109,13
1110,38
1111,24
1112,3
1113,28
1114,10
1115,21
1116,19
1117,10
1118,10
1119,4
1120,19
1121,13
1122,21
1123,37
1124,17
1125,13
1126,14
1127,36
1128,6
1129,24
1130,41
1131,9
1132,6
1133,32
1134,16
1135,10
1136,26
1137,17
1138,14
1139,9
1140,13
1141,12
1142,43
1143,4
1144,32
1145,10
1146,37
1147,1
1148,10
1149,48
1150,7
1151,21
1152,8
1153,8
1154,3
1155,38
1156,24
1157,21
1158,10
1159,19
1160,29
1161,4
1162,14
1163,4
1164,28
1165,8
1166,19
1167,9
1168,4
1169,16
1170,55
1171,8
1172,12
1173,4
1174,9
1175,1
1176,5
1177,36
1178,13
1179,14
1180,13
1181,51
1182,31
1183,7
1184,3
1185,12
1186,9
1187,10
1188,26
1189,10
1190,18
1191,14
1192,14
1193,19
1194,9
1195,9
1196,13
1197,13
1198,40
1199,11
1200,30
1201,4
1202,9
1203,9
1204,9
1205,13
1206,1
1207,37
1208,8
1209,20
1210,38
1211,40
1212,13
1213,37
1214,24
1215,1
1216,10
1217,19
1218,34
1219,38
1220,9
1221,11
1222,33
1223,32
1224,4
1225,10
1226,18
1227,8
1228,24
1229,18
1230,1
1231,17
1232,8
1233,38
1234,9
1235,23
1236,10
1237,1
1238,13
1239,11
1240,11
1241,3
1242,16
1243,11
1244,11
1245,30
1246,10
1247,26
1248,6
1249,24
1250,9
1251,37
1252,12
1253,3
1254,26
1255,5
1256,33
1257,12
1258,27
1259,20
1260,36
1261,9
1262,53
1263,38
1264,6
1265,37
1266,1
1267,11
1268,33
1269,12
1270,7
1271,24
1272,3
1273,55
1274,5
1275,24
1276,27
1277,39
1278,26
1279,23
1280,41
1281,1
1282,39
1283,25
1284,9
1285,1
1286,4
1287,10
1288,30
1289,9
1290,9
1291,10
1292,4
1293,1
1294,9
1295,9
1296,9
1297,8
1298,4
1299,3
1300,29
1301,8
1302,9
1303,9
1304,51
1305,3
1306,10
1307,6
1308,3
1309,25
1310,37
1311,11
1312,36
1313,25
1314,9
1315,6
1316,9
1317,10
1318,4
1319,14
1320,9
1321,30
1322,9
1323,47
1324,3
1325,23
1326,33
1327,1
1328,5
1329,3
1330,42
1331,4
1332,4
1333,11
1334,37
1335,37
1336,9
1337,26
1338,30
1339,12
1340,10
1341,9
1342,13
1343,35
1344,38
1345,9
1346,10
1347,9
1348,8
1349,6
1350,9
1351,11
1352,17
1353,37
1354,17
1355,47
1356,13
1357,10
1358,37
1359,9
1360,8
1361,32
1362,12
1363,12
1364,13
1365,9
1366,3
1367,13
1368,30
1369,14
1370,36
1371,4
1372,40
1373,10
1374,36
1375,3
1376,4
1377,5
1378,29
1379,41
1380,1
1381,9
1382,7
1383,31
1384,32
1385,3
1386,11
1387,9
1388,23
1389,3
1390,12
1391,15
1392,31
1393,9
1394,7
1395,3
1396,32
1397,8
1398,47
1399,13
1400,41
1401,10
1402,3
1403,14
1404,3
1405,3
1406,9
1407,4
1408,15
1409,3
1410,41
1411,9
1412,9
1413,38
1414,9
1415,6
1416,6
1417,21
1418,16
1419,37
1420,8
1421,6
1422,10
1423,9
1424,9
1425,45
1426,11
1427,9
1428,19
1429,8
1430,14
1431,6
1432,40
1433,15
1434,9
1435,20
1436,45
1437,12
1438,10
1439,38
1440,28
1441,12
1442,23
1443,7
1444,9
1445,40
1446,30
1447,43
1448,10
1449,31
1450,4
1451,25
1452,9
1453,8
1454,6
1455,6
1456,3
1457,41
1458,43
1459,26
1460,38
1461,1
1462,20
1463,3
1464,9
1465,19
1466,9
1467,44
1468,16
1469,17
1470,30
1471,9
1472,28
1473,9
1474,31
1475,27
1476,3
1477,16
1478,10
1479,5
1480,8
1481,7
1482,9
1483,9
1484,56
1485,11
1486,50
1487,11
1488,4
1489,31
1490,1
1491,4
1492,33
1493,53
1494,9
1495,20
1496,17
1497,9
1498,4
1499,3
1500,52
1501,8
1502,4
1503,9
1504,9
1505,9
1506,6
1507,6
1508,8
1509,12
1510,1
1511,1
1512,33
1513,21
1514,11
1515,9
1516,27
1517,9
1518,5
1519,4
1520,31
1521,9
1522,1
1523,29
1524,14
1525,6
1526,26
1527,18
1528,11
1529,30
1530,42
1531,11
1532,12
1533,31
1534,3
1535,4
1536,13
1537,7
1538,6
1539,6
1540,11
1541,8
1542,3
1543,9
1544,9
1545,8
1546,31
1547,28
1548,9
1549,36
1550,6
1551,5
1552,11
1553,1
1554,3
1555,6
1556,13
1557,9
1558,18
1559,30
1560,9
1561,37
1562,5
1563,11
1564,38
1565,37
1566,29
1567,46
1568,32
1569,9
1570,1
1571,27
1572,9
1573,10
1574,8
1575,30
1576,14
1577,9
1578,4
1579,44
1580,14
1581,8
1582,14
1583,5
1584,3
1585,34
1586,54
1587,30
1588,11
1589,27
1590,4
1591,32
1592,32
1593,3
1594,52
1595,48
1596,10
1597,6
1598,10
1599,1
1600,20
1601,4
1602,27
1603,6
1604,13
1605,5
1606,9
1607,34
1608,9
1609,8
1610,37
1611,39
1612,1
1613,7
1614,1
1615,11
1616,12
1617,3
1618,12
1619,11
1620,9
1621,28
1622,9
1623,3
1624,1
1625,4
1626,16
1627,29
1628,7
1629,14
1630,13
1631,9
1632,3
1633,9
1634,6
1635,18
1636,17
1637,8
1638,3
1639,13
1640,30
1641,37
1642,3
1643,9
1644,17
1645,4
1646,5
1647,9
1648,9
1649,8
1650,1
1651,8
1652,12
1653,9
1654,11
1655,32
1656,13
1657,31
1658,5
1659,5
1660,28
1661,7
1662,14
1663,36
1664,1
1665,11
1666,22
1667,5
1668,24
1669,20
1670,32
1671,4
1672,5
1673,12
1674,6
1675,9
1676,18
1677,4
1678,38
1679,8
1680,38
1681,24
1682,8
1683,12
1684,12
1685,29
1686,4
1687,9
1688,8
1689,9
1690,11
1691,30
1692,11
1693,16
1694,16
1695,11
1696,9
1697,9
1698,24
1699,13
1700,1
1701,12
1702,54
1703,5
1704,9
1705,4
1706,19
1707,9
1708,3
1709,30
1710,5
1711,28
1712,29
1713,13
1714,23
1715,11
1716,37
1717,30
1718,5
1719,11
1720,9
1721,39
1722,14
1723,1
1724,29
1725,18
1726,5
1727,10
1728,9
1729,14
1730,18
1731,29
1732,9
1733,3
1734,9
1735,40
1736,13
1737,26
1738,23
1739,30
1740,37
1741,8
1742,1
1743,9
1744,12
1745,6
1746,10
1747,4
1748,4
1749,10
1750,12
1751,3
1752,36
1753,37
1754,28
1755,3
1756,1
1757,14
1758,1
1759,37
1760,3
1761,3
1762,9
1763,4
1764,1
1765,38
1766,12
1767,34
1768,5
1769,11
1770,4
1771,21
1772,29
1773,13
1774,1
1775,9
1776,9
1777,12
1778,45
1779,18
1780,19
1781,38
1782,22
1783,11
1784,9
1785,6
1786,5
1787,10
1788,12
1789,13
1790,25
1791,36
1792,6
1793,13
1794,8
1795,8
1796,1
1797,33
1798,7
1799,12
1800,1
1801,12
1802,10
1803,51
1804,1
1805,36
1806,5
1807,30
1808,26
1809,5
1810,8
1811,9
1812,9
1813,13
1814,32
1815,5
1816,1
1817,4
1818,11
1819,13
1820,4
1821,32
1822,33
1823,3
1824,27
1825,12
1826,8
1827,7
1828,32
1829,51
1830,38
1831,12
1832,24
1833,1
1834,10
1835,4
1836,31
1837,7
1838,6
1839,12
1840,44
1841,40
1842,36
1843,11
1844,13
1845,11
1846,23
1847,6
1848,3
1849,13
1850,24
1851,7
1852,4
1853,24
1854,7
1855,1
1856,11
1857,3
1858,5
1859,33
1860,20
1861,13
1862,7
1863,4
1864,9
1865,9
1866,12
1867,10
1868,21
1869,4
1870,11
1871,30
1872,30
1873,9
1874,9
1875,3
1876,7
1877,12
1878,27
1879,20
1880,12
1881,5
1882,46
1883,3
1884,30
1885,8
1886,11
1887,3
1888,7
1889,3
1890,6
1891,16
1892,8
1893,13
1894,25
1895,17
1896,16
1897,4
1898,25
1899,41
1900,3
1901,14
1902,9
1903,11
1904,12
1905,3
1906,11
1907,13
1908,13
1909,36
1910,37
1911,39
1912,40
1913,9
1914,44
1915,45
1916,1
1917,9
1918,39
1919,10
1920,37
1921,12
1922,1
1923,6
1924,5
1925,9
1926,4
1927,8
1928,9
1929,52
1930,4
1931,8
1932,38
1933,27
1934,12
1935,12
1936,9
1937,32
1938,51
1939,13
1940,14
1941,27
1942,30
1943,9
1944,23
1945,3
1946,12
1947,4
1948,9
1949,21
1950,11
1951,13
1952,18
1953,27
1954,31
1955,13
1956,25
1957,4
1958,25
1959,37
1960,5
1961,9
1962,9
1963,20
1964,17
1965,1
1966,54
1967,5
1968,11
1969,11
1970,27
1971,23
1972,5
1973,1
1974,23
1975,6
1976,25
1977,11
1978,19
1979,9
1980,4
1981,17
1982,37
1983,7
1984,25
1985,7
1986,27
1987,27
1988,5
1989,3
1990,10
1991,29
1992,3
1993,14
1994,13
1995,5
1996,35
1997,4
1998,5
1999,48
2000,33
2001,7
2002,6
2003,9
2004,4
2005,36
2006,24
2007,14
2008,22
2009,47
2010,4
2011,4
2012,9
2013,10
2014,6
2015,11
2016,20
2017,5
2018,25
2019,32
2020,13
2021,16
2022,30
2023,16
2024,9
2025,9
2026,9
2027,9
2028,6
2029,9
2030,13
2031,17
2032,4
2033,3
2034,8
2035,29
2036,43
2037,31
2038,9
2039,11
2040,3
2041,36
2042,6
2043,9
2044,9
2045,3
2046,5
2047,11
2048,1
2049,10
2050,31
2051,1
2052,30
2053,10
2054,43
2055,10
2056,12
2057,26
2058,9
2059,12
2060,13
2061,10
2062,38
2063,17
2064,41
2065,12
2066,6
2067,26
2068,9
2069,20
2070,12
2071,17
2072,10
2073,11
2074,12
2075,37
2076,14
2077,30
2078,13
2079,10
2080,30
2081,9
2082,9
2083,30
2084,5
2085,19
2086,13
2087,13
2088,46
2089,3
2090,7
2091,30
2092,4
2093,9
2094,44
2095,6
2096,7
2097,9
2098,30
2099,3
2100,16
2101,26
2102,9
2103,9
2104,9
2105,33
2106,6
2107,26
2108,5
2109,6
2110,10
2111,9
2112,13
2113,5
2114,13
2115,20
2116,40
2117,9
2118,9
2119,9
2120,9
2121,3
2122,43
2123,24
2124,21
2125,19
2126,37
2127,38
2128,41
2129,17
2130,56
2131,1
2132,12
2133,32
2134,5
2135,3
2136,21
2137,8
2138,11
2139,38
2140,9
2141,24
2142,1
2143,6
2144,38
2145,52
2146,45
2147,25
2148,39
2149,8
2150,9
2151,10
2152,5
2153,17
2154,24
2155,13
2156,4
2157,32
2158,27
2159,3
2160,31
2161,3
2162,13
2163,40
2164,9
2165,1
2166,6
2167,55
2168,1
2169,32
2170,8
2171,6
2172,13
2173,8
2174,16
2175,4
2176,3
2177,10
2178,14
2179,12
2180,12
2181,31
2182,13
2183,16
2184,1
2185,9
2186,39
2187,4
2188,43
2189,36
2190,9
2191,37
2192,12
2193,5
2194,30
2195,3
2196,4
2197,12
2198,7
2199,14
2200,13
2201,10
2202,11
2203,50
2204,5
2205,41
2206,4
2207,5
2208,23
2209,27
2210,1
2211,12
2212,13
2213,6
2214,12
2215,42
2216,30
2217,16
2218,9
2219,29
2220,18
2221,29
2222,19
2223,10
2224,10
2225,12
2226,3
2227,10
2228,26
2229,13
2230,6
2231,46
2232,10
2233,3
2234,17
2235,20
2236,10
2237,14
2238,23
2239,9
2240,6
2241,16
2242,27
2243,12
2244,32
2245,16
2246,18
2247,10
2248,5
2249,9
2250,25
2251,9
2252,14
2253,9
2254,3
2255,3
2256,13
2257,9
2258,14
2259,9
2260,14
2261,11
2262,53
2263,5
2264,13
2265,10
2266,24
2267,3
2268,29
2269,30
2270,39
2271,12
2272,22
2273,9
2274,1
2275,14
2276,3
2277,21
2278,30
2279,24
2280,30
2281,33
2282,50
2283,4
2284,5
2285,36
2286,9
2287,12
2288,11
2289,1
2290,6
2291,6
2292,11
2293,9
2294,8
2295,26
2296,9
2297,17
2298,55
2299,4
2300,25
2301,9
2302,12
2303,9
2304,4
2305,37
2306,17
2307,42
2308,24
2309,39
2310,11
2311,10
2312,7
2313,3
2314,12
2315,7
2316,10
2317,13
2318,17
2319,22
2320,9
2321,4
2322,29
2323,11
2324,12
2325,52
2326,9
2327,8
2328,9
2329,3
2330,10
2331,8
2332,19
2333,9
2334,12
2335,12
2336,44
2337,29
2338,9
2339,7
2340,9
2341,6
2342,18
2343,9
2344,4
2345,10
2346,13
2347,3
2348,6
2349,10
2350,9
2351,9
2352,5
2353,12
2354,9
2355,39
2356,37
2357,45
2358,10
2359,1
2360,3
2361,3
2362,11
2363,3
2364,5
2365,18
2366,9
2367,22
2368,36
2369,42
2370,14
2371,13
2372,36
2373,5
2374,3
2375,18
2376,26
2377,10
2378,11
2379,12
2380,23
2381,9
2382,25
2383,10
2384,9
2385,3
2386,10
2387,5
2388,11
2389,10
2390,14
2391,10
2392,17
2393,5
2394,25
2395,3
2396,29
2397,25
2398,9
2399,16
2400,41
2401,9
2402,8
2403,4
2404,1
2405,5
2406,44
2407,37
2408,47
2409,13
2410,12
2411,1
2412,9
2413,5
2414,7
2415,3
2416,4
2417,27
2418,21
2419,27
2420,5
2421,8
2422,9
2423,8
2424,38
2425,11
2426,8
2427,50
2428,9
2429,9
2430,17
2431,16
2432,4
2433,14
2434,36
2435,9
2436,29
2437,20
2438,3
2439,1
2440,11
2441,14
2442,3
2443,10
2444,6
2445,24
2446,40
2447,4
2448,3
2449,3
2450,3
2451,44
2452,5
2453,9
2454,9
2455,30
2456,8
2457,4
2458,9
2459,9
2460,10
2461,30
2462,24
2463,6
2464,12
2465,14
2466,19
2467,34
2468,9
2469,26
2470,6
2471,9
2472,10
2473,14
2474,6
2475,25
2476,25
2477,36
2478,22
2479,13
2480,5
2481,30
2482,1
2483,3
2484,13
2485,1
2486,8
2487,11
2488,11
2489,14
2490,9
2491,12
2492,10
2493,36
2494,10
2495,11
2496,8
2497,4
2498,9
2499,9
2500,17
2501,9
2502,1
2503,9
2504,7
2505,9
2506,11
2507,5
2508,14
2509,7
2510,5
2511,10
2512,5
2513,24
2514,26
2515,26
2516,12
2517,23
2518,12
2519,38
2520,9
2521,36
2522,29
2523,4
2524,15
2525,18
2526,27
2527,17
2528,5
2529,9
2530,15
2531,4
2532,9
2533,24
2534,22
2535,26
2536,9
2537,14
2538,9
2539,14
2540,6
2541,25
2542,40
2543,8
2544,9
2545,6
2546,10
2547,27
2548,1
2549,6
2550,23
2551,5
2552,9
2553,13
2554,4
2555,8
2556,38
2557,17
2558,10
2559,24
2560,7
2561,4
2562,36
2563,9
2564,9
2565,30
2566,12
2567,12
2568,5
2569,10
2570,3
2571,3
2572,13
2573,9
2574,8
2575,3
2576,8
2577,23
2578,10
2579,3
2580,27
2581,9
2582,13
2583,4
2584,26
2585,32
2586,10
2587,16
2588,9
2589,4
2590,5
2591,31
2592,12
2593,37
2594,10
2595,51
2596,10
2597,32
2598,5
2599,51
2600,39
2601,41
2602,14
2603,3
2604,39
2605,12
2606,56
2607,23
2608,4
2609,25
2610,31
2611,32
2612,13
2613,10
2614,7
2615,16
2616,19
2617,24
2618,8
2619,6
2620,17
2621,18
2622,20
2623,9
2624,9
2625,23
2626,39
2627,11
2628,40
2629,30
2630,39
2631,12
2632,5
2633,13
2634,27
2635,8
2636,11
2637,14
2638,26
2639,9
2640,9
2641,21
2642,7
2643,3
2644,13
2645,8
2646,39
2647,9
2648,18
2649,35
2650,10
2651,32
2652,3
2653,9
2654,4
2655,55
2656,25
2657,37
2658,33
2659,3
2660,13
2661,5
2662,9
2663,9
2664,9
2665,5
2666,9
2667,11
2668,4
2669,9
2670,3
2671,14
2672,40
2673,3
2674,13
2675,10
2676,4
2677,52
2678,6
2679,5
2680,30
2681,24
2682,29
2683,5
2684,9
2685,14
2686,7
2687,5
2688,14
2689,9
2690,6
2691,1
2692,28
2693,5
2694,10
2695,10
2696,16
2697,31
2698,12
2699,25
2700,5
2701,9
2702,13
2703,13
2704,19
2705,37
2706,9
2707,14
2708,10
2709,4
2710,14
2711,25
2712,15
2713,37
2714,4
2715,28
2716,10
2717,8
2718,9
2719,10
2720,43
2721,41
2722,3
2723,7
2724,37
2725,9
2726,3
2727,3
2728,18
2729,17
2730,4
2731,30
2732,14
2733,13
2734,8
2735,14
2736,26
2737,1
2738,3
2739,9
2740,6
2741,18
2742,39
2743,19
2744,28
2745,5
2746,7
2747,26
2748,5
2749,9
2750,12
2751,9
2752,16
2753,10
2754,19
2755,25
2756,9
2757,13
2758,50
2759,10
2760,26
2761,13
2762,32
2763,11
2764,17
2765,9
2766,18
2767,13
2768,17
2769,9
2770,7
2771,9
2772,9
2773,1
2774,28
2775,24
2776,32
2777,26
2778,12
2779,3
2780,8
2781,42
2782,15
2783,10
2784,3
2785,1
2786,9
2787,28
2788,26
2789,9
2790,7
2791,20
2792,5
2793,39
2794,9
2795,9
2796,8
2797,28
2798,9
2799,38
2800,3
2801,52
2802,39
2803,3
2804,9
2805,9
2806,3
2807,37
2808,23
2809,23
2810,10
2811,7
2812,11
2813,45
2814,40
2815,13
2816,9
2817,38
2818,20
2819,9
2820,32
2821,44
2822,9
2823,1
2824,3
2825,9
2826,40
2827,14
2828,9
2829,10
2830,9
2831,16
2832,39
2833,1
2834,9
2835,25
2836,10
2837,30
2838,3
2839,44
2840,5
2841,17
2842,35
2843,28
2844,10
2845,41
2846,12
2847,30
2848,9
2849,16
2850,40
2851,30
2852,13
2853,19
2854,6
2855,8
2856,5
2857,10
2858,3
2859,40
2860,5
2861,38
2862,5
2863,6
2864,9
2865,37
2866,3
2867,5
2868,10
2869,30
2870,54
2871,27
2872,39
2873,9
2874,28
2875,4
2876,12
2877,31
2878,38
2879,13
2880,10
2881,44
2882,4
2883,13
2884,39
2885,3
2886,39
2887,11
2888,16
2889,11
2890,3
2891,7
2892,9
2893,12
2894,10
2895,9
2896,13
2897,3
2898,14
2899,3
2900,37
2901,18
2902,28
2903,11
2904,9
2905,10
2906,32
2907,23
2908,9
2909,10
2910,25
2911,12
2912,7
2913,11
2914,21
2915,28
2916,22
2917,3
2918,9
2919,10
2920,9
2921,47
2922,6
2923,10
2924,10
2925,14
2926,10
2927,30
2928,11
2929,30
2930,24
2931,4
2932,9
2933,25
2934,20
2935,1
2936,3
2937,14
2938,10
2939,22
2940,17
2941,14
2942,10
2943,8
2944,9
2945,13
2946,8
2947,38
2948,10
2949,38
2950,4
2951,3
2952,9
2953,32
2954,9
2955,11
2956,10
2957,3
2958,11
2959,5
2960,4
2961,11
2962,3
2963,9
2964,28
2965,8
2966,7
2967,5
2968,18
2969,10
2970,7
2971,12
2972,5
2973,9
2974,14
2975,9
2976,28
2977,11
2978,24
2979,13
2980,12
2981,53
2982,9
2983,5
2984,7
2985,6
2986,53
2987,3
2988,12
2989,10
2990,19
2991,31
2992,9
2993,3
2994,9
2995,11
2996,23
2997,9
2998,5
2999,11
3000,18
3001,12
3002,1
3003,43
3004,23
3005,9
3006,4
3007,26
3008,1
3009,26
3010,3
3011,3
3012,19
3013,7
3014,12
3015,9
3016,17
3017,1
3018,8
3019,12
3020,6
3021,40
3022,23
3023,44
3024,8
3025,38
3026,4
3027,17
3028,29
3029,1
3030,3
3031,26
3032,23
3033,24
3034,9
3035,9
3036,5
3037,11
3038,7
3039,32
3040,15
3041,9
3042,9
3043,29
3044,14
3045,9
3046,7
3047,36
3048,13
3049,23
3050,9
3051,39
3052,42
3053,13
3054,9
3055,20
3056,3
3057,10
3058,7
3059,43
3060,15
3061,9
3062,14
3063,9
3064,9
3065,38
3066,1
3067,13
3068,31
3069,3
3070,8
3071,10
3072,55
3073,4
3074,38
3075,38
3076,10
3077,3
3078,3
3079,41
3080,9
3081,21
3082,39
3083,4
3084,1
3085,10
3086,43
3087,9
3088,12
3089,5
3090,8
3091,6
3092,3
3093,9
3094,16
3095,16
3096,27
3097,20
3098,6
3099,39
3100,34
3101,17
3102,1
3103,9
3104,25
3105,8
3106,38
3107,10
3108,27
3109,7
3110,11
3111,9
3112,3
3113,9
3114,12
3115,13
3116,38
3117,7
3118,23
3119,9
3120,23
3121,9
3122,10
3123,12
3124,9
3125,7
3126,9
3127,3
3128,28
3129,25
3130,12
3131,5
3132,36
3133,13
3134,3
3135,8
3136,11
3137,13
3138,29
3139,1
3140,17
3141,40
3142,18
3143,1
3144,12
3145,19
3146,33
3147,11
3148,11
3149,9
3150,24
3151,3
3152,31
3153,12
3154,13
3155,35
3156,11
3157,10
3158,12
3159,1
3160,3
3161,12
3162,32
3163,5
3164,5
3165,11
3166,25
3167,11
3168,9
3169,9
3170,6
3171,31
3172,16
3173,31
3174,12
3175,3
3176,4
3177,20
3178,27
3179,10
3180,9
3181,9
3182,12
3183,1
3184,3
3185,12
3186,4
3187,12
3188,28
3189,37
3190,11
3191,9
3192,8
3193,51
3194,20
3195,13
3196,5
3197,11
3198,5
3199,20
3200,8
3201,9
3202,17
3203,9
3204,36
3205,10
3206,9
3207,1
3208,3
3209,6
3210,38
3211,9
3212,27
3213,12
3214,14
3215,36
3216,5
3217,14
3218,6
3219,14
3220,11
3221,40
3222,28
3223,4
3224,13
3225,9
3226,32
3227,52
3228,11
3229,45
3230,4
3231,11
3232,26
3233,9
3234,12
3235,25
3236,4
3237,3
3238,25
3239,21
3240,11
3241,8
3242,11
3243,4
3244,6
3245,11
3246,8
3247,6
3248,8
3249,19
3250,10
3251,14
3252,17
3253,36
3254,24
3255,9
3256,9
3257,24
3258,9
3259,1
3260,17
3261,4
3262,33
3263,1
3264,9
3265,9
3266,32
3267,6
3268,19
3269,4
3270,13
3271,3
3272,10
3273,8
3274,6
3275,9
3276,13
3277,3
3278,4
3279,4
3280,17
3281,5
3282,24
3283,3
3284,4
3285,32
3286,17
3287,32
3288,37
3289,10
3290,4
3291,14
3292,8
3293,30
3294,24
3295,13
3296,30
3297,25
3298,26
3299,15
3300,4
3301,4
3302,23
3303,10
3304,11
3305,6
3306,26
3307,11
3308,23
3309,13
3310,3
3311,9
3312,12
3313,15
3314,3
3315,44
3316,19
3317,25
3318,14
3319,8
3320,17
3321,33
3322,13
3323,5
3324,4
3325,4
3326,13
3327,13
3328,5
3329,9
3330,31
3331,1
3332,8
3333,18
3334,6
3335,5
3336,10
3337,3
3338,3
3339,27
3340,9
3341,6
3342,28
3343,14
3344,11
3345,16
3346,7
3347,4
3348,3
3349,5
3350,3
3351,5
3352,14
3353,16
3354,29
3355,8
3356,12
3357,3
3358,5
3359,30
3360,8
3361,6
3362,40
3363,1
3364,20
3365,1
3366,19
3367,38
3368,6
3369,40
3370,4
3371,21
3372,10
3373,8
3374,3
3375,9
3376,9
3377,25
3378,11
3379,47
3380,1
3381,26
3382,26
3383,8
3384,30
3385,9
3386,13
3387,15
3388,40
3389,13
3390,9
3391,16
3392,53
3393,9
3394,38
3395,4
3396,3
3397,36
3398,7
3399,8
3400,9
3401,12
3402,26
3403,3
3404,11
3405,44
3406,9
3407,10
3408,27
3409,10
3410,23
3411,6
3412,28
3413,6
3414,9
3415,9
3416,37
3417,10
3418,7
3419,17
3420,9
3421,6
3422,12
3423,3
3424,3
3425,27
3426,9
3427,10
3428,10
3429,37
3430,5
3431,27
3432,9
3433,12
3434,4
3435,39
3436,9
3437,12
3438,14
3439,31
3440,12
3441,9
3442,37
3443,8
3444,20
3445,10
3446,45
3447,12
3448,38
3449,1
3450,8
3451,25
3452,4
3453,10
3454,9
3455,3
3456,33
3457,8
3458,40
3459,11
3460,37
3461,13
3462,6
3463,27
3464,17
3465,27
3466,8
3467,14
3468,18
3469,3
3470,29
3471,20
3472,9
3473,9
3474,13
3475,22
3476,5
3477,5
3478,30
3479,1
3480,3
3481,14
3482,23
3483,8
3484,1
3485,3
3486,14
3487,3
3488,21
3489,11
3490,3
3491,9
3492,7
3493,8
3494,1
3495,13
3496,10
3497,21
3498,26
3499,5
3500,3
3501,9
3502,28
3503,14
3504,12
3505,5
3506,18
3507,11
3508,26
3509,9
3510,39
3511,6
3512,9
3513,13
3514,3
3515,4
3516,9
3517,19
3518,40
3519,23
3520,3
3521,9
3522,39
3523,7
3524,8
3525,36
3526,27
3527,26
3528,17
3529,8
3530,9
3531,10
3532,4
3533,16
3534,7
3535,10
3536,4
3537,10
3538,32
3539,38
3540,23
3541,12
3542,9
3543,25
3544,10
3545,14
3546,31
3547,50
3548,4
3549,7
3550,8
3551,10
3552,3
3553,5
3554,3
3555,9
3556,16
3557,1
3558,10
3559,17
3560,6
3561,8
3562,9
3563,1
3564,28
3565,12
3566,9
3567,10
3568,12
3569,25
3570,13
3571,11
3572,24
3573,29
3574,8
3575,3
3576,36
3577,14
3578,9
3579,12
3580,6
3581,3
3582,5
3583,5
3584,31
3585,40
3586,47
3587,16
3588,8
3589,19
3590,14
3591,17
3592,6
3593,8
3594,39
3595,21
3596,23
3597,8
3598,36
3599,14
3600,24
3601,20
3602,21
3603,9
3604,6
3605,9
3606,11
3607,9
3608,3
3609,25
3610,5
3611,10
3612,38
3613,4
3614,13
3615,11
3616,10
3617,14
3618,13
3619,10
3620,8
3621,12
3622,3
3623,14
3624,11
3625,13
3626,14
3627,11
3628,4
3629,37
3630,42
3631,9
3632,4
3633,9
3634,29
3635,24
3636,12
3637,6
3638,38
3639,33
3640,40
3641,12
3642,9
3643,51
3644,10
3645,1
3646,51
3647,10
3648,30
3649,11
3650,37
3651,24
3652,3
3653,12
3654,13
3655,10
3656,4
3657,27
3658,9
3659,25
3660,15
3661,12
3662,3
3663,9
3664,17
3665,1
3666,12
3667,23
3668,26
3669,13
3670,13
3671,23
3672,12
3673,9
3674,10
3675,13
3676,23
3677,13
3678,5
3679,11
3680,12
3681,9
3682,12
3683,7
3684,5
3685,9
3686,1
3687,9
3688,22
3689,3
3690,28
3691,1
3692,9
3693,10
3694,11
3695,33
3696,4
3697,4
3698,5
3699,12
3700,10
3701,9
3702,6
3703,53
3704,29
3705,5
3706,6
3707,28
3708,11
3709,11
3710,9
3711,7
3712,11
3713,17
3714,9
3715,11
3716,4
3717,1
3718,32
3719,37
3720,24
3721,3
3722,14
3723,4
3724,30
3725,7
3726,1
3727,1
3728,53
3729,31
3730,6
3731,6
3732,7
3733,54
3734,19
3735,3
3736,9
3737,12
3738,18
3739,7
3740,27
3741,9
3742,51
3743,1
3744,31
3745,13
3746,8
3747,9
3748,9
3749,9
3750,3
3751,13
3752,39
3753,18
3754,1
3755,26
3756,9
3757,8
3758,55
3759,26
3760,26
3761,4
3762,12
3763,3
3764,12
3765,20
3766,10
3767,1
3768,20
3769,5
3770,3
3771,11
3772,30
3773,6
3774,14
3775,31
3776,9
3777,16
3778,10
3779,6
3780,4
3781,5
3782,13
3783,24
3784,6
3785,10
3786,3
3787,3
3788,11
3789,17
3790,9
3791,9
3792,13
3793,6
3794,11
3795,9
3796,34
3797,10
3798,39
3799,13
3800,17
3801,12
3802,4
3803,6
3804,31
3805,37
3806,22
3807,1
3808,32
3809,4
3810,17
3811,11
3812,20
3813,12
3814,24
3815,3
3816,9
3817,9
3818,5
3819,6
3820,33
3821,25
3822,12
3823,3
3824,33
3825,11
3826,6
3827,4
3828,19
3829,10
3830,9
3831,1
3832,39
3833,3
3834,14
3835,10
3836,10
3837,5
3838,12
3839,27
3840,13
3841,11
3842,9
3843,29
3844,23
3845,16
3846,10
3847,19
3848,13
3849,16
3850,40
3851,9
3852,31
3853,16
3854,3
3855,7
3856,9
3857,31
3858,12
3859,9
3860,11
3861,26
3862,9
3863,33
3864,17
3865,9
3866,11
3867,11
3868,38
3869,7
3870,14
3871,7
3872,3
3873,6
3874,14
3875,15
3876,6
3877,3
3878,3
3879,31
3880,30
3881,13
3882,40
3883,4
3884,3
3885,13
3886,7
3887,27
3888,17
3889,6
3890,1
3891,50
3892,4
3893,4
3894,8
3895,10
3896,17
3897,9
3898,18
3899,10
3900,36
3901,9
3902,25
3903,4
3904,9
3905,24
3906,6
3907,11
3908,11
3909,17
3910,36
3911,4
3912,37
3913,4
3914,9
3915,9
3916,8
3917,1
3918,37
3919,13
3920,3
3921,14
3922,30
3923,31
3924,5
3925,7
3926,3
3927,11
3928,21
3929,1
3930,16
3931,39
3932,10
3933,32
3934,10
3935,9
3936,25
3937,9
3938,6
3939,25
3940,21
3941,10
3942,18
3943,10
3944,3
3945,6
3946,9
3947,31
3948,11
3949,12
3950,4
3951,5
3952,11
3953,11
3954,39
3955,9
3956,37
3957,11
3958,9
3959,5
3960,1
3961,4
3962,11
3963,5
3964,9
3965,24
3966,8
3967,24
3968,6
3969,11
3970,12
3971,38
3972,36
3973,5
3974,28
3975,10
3976,3
3977,1
3978,3
3979,3
3980,17
3981,4
3982,24
3983,9
3984,10
3985,3
3986,27
3987,12
3988,42
3989,4
3990,4
3991,14
3992,4
3993,41
3994,3
3995,1
3996,5
3997,14
3998,21
3999,16
4000,30
4001,14
4002,3
4003,7
4004,53
4005,11
4006,11
4007,10
4008,9
4009,27
4010,5
4011,5
4012,1
4013,3
4014,5
4015,41
4016,12
4017,9
4018,9
4019,10
4020,13
4021,30
4022,9
4023,11
4024,5
4025,8
4026,9
4027,33
4028,1
4029,21
4030,10
4031,11
4032,3
4033,6
4034,19
4035,11
4036,50
4037,8
4038,9
4039,16
4040,19
4041,23
4042,4
4043,1
4044,12
4045,25
4046,36
4047,9
4048,9
4049,31
4050,17
4051,1
4052,16
4053,3
4054,9
4055,9
4056,6
4057,10
4058,6
4059,1
4060,13
4061,8
4062,26
4063,18
4064,4
4065,9
4066,10
4067,37
4068,50
4069,1
4070,13
4071,11
4072,26
4073,20
4074,7
4075,39
4076,9
4077,6
4078,9
4079,3
4080,38
4081,6
4082,18
4083,36
4084,21
4085,12
4086,11
4087,1
4088,6
4089,12
4090,32
4091,10
4092,14
4093,5
4094,10
4095,11
4096,29
4097,19
4098,24
4099,9
4100,4
4101,3
4102,10
4103,10
4104,28
4105,3
4106,39
4107,31
4108,12
4109,4
4110,3
4111,14
4112,9
4113,9
4114,13
4115,16
4116,11
4117,11
4118,9
4119,13
4120,1
4121,38
4122,13
4123,16
4124,13
4125,31
4126,3
4127,3
4128,10
4129,4
4130,3
4131,16
4132,6
4133,36
4134,45
4135,11
4136,20
4137,11
4138,36
4139,31
4140,6
4141,37
4142,3
4143,13
4144,6
4145,5
4146,12
4147,4
4148,11
4149,23
4150,3
4151,9
4152,19
4153,25
4154,9
4155,10
4156,8
4157,3
4158,6
4159,34
4160,29
4161,8
4162,3
4163,18
4164,9
4165,6
4166,13
4167,1
4168,29
4169,9
4170,11
4171,9
4172,10
4173,39
4174,31
4175,44
4176,51
4177,9
4178,13
4179,3
4180,6
4181,9
4182,8
4183,17
4184,14
4185,18
4186,21
4187,30
4188,7
4189,6
4190,9
4191,15
4192,29
4193,5
4194,37
4195,9
4196,24
4197,14
4198,13
4199,9
4200,52
4201,10
4202,3
4203,3
4204,3
4205,6
4206,33
4207,52
4208,9
4209,9
4210,23
4211,4
4212,1
4213,28
4214,3
4215,25
4216,11
4217,10
4218,13
4219,12
4220,3
4221,11
4222,23
4223,12
4224,11
4225,10
4226,24
4227,14
4228,29
4229,9
4230,32
4231,46
4232,11
4233,14
4234,6
4235,5
4236,6
4237,36
4238,39
4239,29
4240,1
4241,1
4242,11
4243,11
4244,4
4245,11
4246,8
4247,34
4248,8
4249,10
4250,10
4251,11
4252,47
4253,25
4254,16
4255,25
4256,23
4257,23
4258,10
4259,5
4260,8
4261,37
4262,3
4263,3
4264,39
4265,25
4266,13
4267,7
4268,9
4269,23
4270,12
4271,9
4272,9
4273,14
4274,13
4275,9
4276,8
4277,4
4278,9
4279,26
4280,55
4281,12
4282,25
4283,13
4284,37
4285,31
4286,38
4287,25
4288,13
4289,9
4290,5
4291,4
4292,14
4293,30
4294,3
4295,16
4296,12
4297,40
4298,7
4299,22
4300,9
4301,13
4302,9
4303,28
4304,32
4305,3
4306,8
4307,9
4308,9
4309,18
4310,18
4311,31
4312,32
4313,9
4314,5
4315,10
4316,9
4317,30
4318,7
4319,9
4320,9
4321,39
4322,13
4323,33
4324,41
4325,3
4326,18
4327,9
4328,39
4329,1
4330,30
4331,1
4332,44
4333,8
4334,24
4335,9
4336,33
4337,3
4338,3
4339,3
4340,13
4341,20
4342,30
4343,34
4344,10
4345,20
4346,17
4347,9
4348,29
4349,9
4350,34
4351,11
4352,32
4353,9
4354,29
4355,7
4356,8
4357,9
4358,9
4359,9
4360,11
4361,25
4362,4
4363,5
4364,9
4365,1
4366,18
4367,1
4368,14
4369,8
4370,34
4371,33
4372,16
4373,30
4374,29
4375,24
4376,37
4377,9
4378,5
4379,6
4380,37
4381,4
4382,32
4383,9
4384,13
4385,7
4386,12
4387,3
4388,26
4389,16
4390,13
4391,50
4392,34
4393,1
4394,11
4395,12
4396,14
4397,27
4398,10
4399,3
4400,12
4401,13
4402,13
4403,4
4404,15
4405,9
4406,10
4407,4
4408,8
4409,14
4410,12
4411,4
4412,4
4413,13
4414,37
4415,20
4416,26
4417,9
4418,12
4419,4
4420,5
4421,39
4422,13
4423,13
4424,1
4425,9
4426,16
4427,9
4428,3
4429,26
4430,27
4431,23
4432,9
4433,31
4434,8
4435,29
4436,9
4437,12
4438,3
4439,18
4440,37
4441,44
4442,3
4443,4
4444,1
4445,38
4446,39
4447,9
4448,4
4449,11
4450,4
4451,9
4452,30
4453,32
4454,56
4455,17
4456,29
4457,8
4458,13
4459,5
4460,13
4461,32
4462,39
4463,12
4464,23
4465,31
4466,12
4467,33
4468,23
4469,5
4470,6
4471,29
4472,36
4473,10
4474,9
4475,34
4476,14
4477,8
4478,31
4479,10
4480,3
4481,9
4482,10
4483,3
4484,27
4485,10
4486,1
4487,38
4488,5
4489,15
4490,31
4491,5
4492,37
4493,24
4494,32
4495,5
4496,29
4497,24
4498,9
4499,30
4500,9
4501,14
4502,9
4503,5
4504,37
4505,7
4506,24
4507,52
4508,47
4509,4
4510,19
4511,11
4512,9
4513,19
4514,25
4515,17
4516,9
4517,10
4518,5
4519,11
4520,9
4521,14
4522,9
4523,32
4524,9
4525,27
4526,4
4527,17
4528,7
4529,33
4530,4
4531,13
4532,13
4533,10
4534,9
4535,10
4536,34
4537,30
4538,32
4539,9
4540,10
4541,54
4542,25
4543,8
4544,8
4545,1
4546,40
4547,1
4548,4
4549,9
4550,3
4551,36
4552,14
4553,5
4554,37
4555,23
4556,25
4557,5
4558,7
4559,10
4560,13
4561,9
4562,1
4563,14
4564,9
4565,17
4566,9
4567,8
4568,1
4569,9
4570,31
4571,1
4572,11
4573,9
4574,24
4575,10
4576,9
4577,23
4578,10
4579,16
4580,6
4581,4
4582,11
4583,5
4584,10
4585,9
4586,3
4587,26
4588,9
4589,37
4590,38
4591,8
4592,17
4593,25
4594,26
4595,40
4596,4
4597,17
4598,5
4599,3
4600,9
4601,9
4602,9
4603,27
4604,18
4605,18
4606,9
4607,28
4608,3
4609,3
4610,11
4611,37
4612,4
4613,4
4614,12
4615,24
4616,9
4617,12
4618,47
4619,5
4620,14
4621,28
4622,31
4623,12
4624,1
4625,1
4626,9
4627,9
4628,41
4629,12
4630,27
4631,6
4632,5
4633,11
4634,13
4635,40
4636,18
4637,8
4638,9
4639,4
4640,11
4641,13
4642,13
4643,21
4644,30
4645,4
4646,39
4647,37
4648,9
4649,37
4650,4
4651,13
4652,6
4653,16
4654,10
4655,39
4656,6
4657,4
4658,10
4659,1
4660,4
4661,1
4662,4
4663,3
4664,3
4665,17
4666,9
4667,9
4668,3
4669,7
4670,26
4671,30
4672,7
4673,3
4674,9
4675,6
4676,9
4677,32
4678,38
4679,19
4680,25
4681,1
4682,11
4683,12
4684,9
4685,8
4686,12
4687,14
4688,26
4689,10
4690,3
4691,5
4692,8
4693,9
4694,28
4695,29
4696,38
4697,6
4698,9
4699,19
4700,30
4701,17
4702,9
4703,8
4704,23
4705,32
4706,45
4707,12
4708,40
4709,14
4710,40
4711,9
4712,3
4713,3
4714,8
4715,5
4716,19
4717,7
4718,9
4719,4
4720,9
4721,10
4722,16
4723,10
4724,9
4725,4
4726,37
4727,32
4728,14
4729,23
4730,4
4731,31
4732,3
4733,24
4734,21
4735,10
4736,11
4737,27
4738,1
4739,10
4740,31
4741,50
4742,4
4743,9
4744,4
4745,1
4746,41
4747,11
4748,12
4749,12
4750,24
4751,5
4752,10
4753,13
4754,9
4755,11
4756,39
4757,20
4758,11
4759,9
4760,9
4761,4
4762,12
4763,6
4764,9
4765,12
4766,32
4767,7
4768,4
4769,40
4770,7
4771,13
4772,12
4773,13
4774,32
4775,17
4776,39
4777,6
4778,9
4779,6
4780,11
4781,6
4782,8
4783,9
4784,8
4785,4
4786,26
4787,10
4788,9
4789,3
4790,13
4791,50
4792,51
4793,4
4794,5
4795,45
4796,23
4797,36
4798,9
4799,12
4800,27
4801,9
4802,1
4803,29
4804,9
4805,19
4806,23
4807,19
4808,21
4809,32
4810,30
4811,9
4812,10
4813,38
4814,9
4815,39
4816,9
4817,11
4818,12
4819,9
4820,8
4821,3
4822,10
4823,13
4824,23
4825,7
4826,14
4827,14
4828,9
4829,5
4830,12
4831,12
4832,30
4833,13
4834,4
4835,11
4836,34
4837,19
4838,5
4839,46
4840,19
4841,17
4842,24
4843,34
4844,13
4845,6
4846,17
4847,9
4848,38
4849,4
4850,39
4851,9
4852,8
4853,51
4854,9
4855,1
4856,5
4857,23
4858,38
4859,36
4860,33
4861,3
4862,14
4863,18
4864,9
4865,8
4866,6
4867,4
4868,9
4869,7
4870,48
4871,29
4872,17
4873,17
4874,9
4875,39
4876,4
4877,3
4878,11
4879,21
4880,26
4881,9
4882,1
4883,4
4884,36
4885,33
4886,37
4887,1
4888,9
4889,16
4890,13
4891,9
4892,13
4893,11
4894,27
4895,18
4896,9
4897,6
4898,11
4899,6
4900,23
4901,11
4902,36
4903,10
4904,12
4905,17
4906,9
4907,10
4908,31
4909,9
4910,31
4911,10
4912,42
4913,10
4914,40
4915,17
4916,9
4917,24
4918,11
4919,9
4920,13
4921,34
4922,11
4923,13
4924,15
4925,9
4926,33
4927,39
4928,14
4929,20
4930,9
4931,5
4932,24
4933,12
4934,12
4935,3
4936,4
4937,10
4938,18
4939,11
4940,3
4941,9
4942,45
4943,5
4944,25
4945,11
4946,7
4947,8
4948,51
4949,7
4950,23
4951,9
4952,38
4953,9
4954,24
4955,12
4956,7
4957,20
4958,11
4959,10
4960,10
4961,9
4962,25
4963,31
4964,13
4965,39
4966,3
4967,26
4968,5
4969,5
4970,34
4971,4
4972,3
4973,12
4974,6
4975,30
4976,43
4977,3
4978,27
4979,16
4980,24
4981,51
4982,8
4983,4
4984,12
4985,20
4986,11
4987,1
4988,40
4989,9
4990,34
4991,8
4992,31
4993,5
4994,4
4995,9
4996,36
4997,11
4998,16
4999,14
5000,10
5001,11
5002,9
5003,9
5004,14
5005,6
5006,32
5007,39
5008,13
5009,3
5010,1
5011,8
5012,23
5013,5
5014,14
5015,4
5016,11
5017,5
5018,7
5019,1
5020,9
5021,11
5022,9
5023,13
5024,4
5025,10
5026,23
5027,18
5028,9
5029,28
5030,7
5031,13
5032,9
5033,44
5034,1
5035,9
5036,12
5037,20
5038,4
5039,17
5040,4
5041,23
5042,13
5043,39
5044,23
5045,3
5046,9
5047,17
5048,9
5049,14
5050,4
5051,38
5052,3
5053,3
5054,37
5055,9
5056,4
5057,9
5058,9
5059,32
5060,1
5061,3
5062,30
5063,9
5064,10
5065,12
5066,13
5067,4
5068,9
5069,9
5070,6
5071,11
5072,9
5073,11
5074,16
5075,9
5076,9
5077,13
5078,21
5079,30
5080,7
5081,5
5082,10
5083,14
5084,35
5085,9
5086,5
5087,46
5088,21
5089,4
5090,1
5091,28
5092,11
5093,32
5094,13
5095,1
5096,10
5097,9
5098,7
5099,36
5100,27
5101,7
5102,30
5103,5
5104,8
5105,20
5106,3
5107,9
5108,9
5109,23
5110,14
5111,24
5112,39
5113,13
5114,1
5115,37
5116,10
5117,11
5118,30
5119,13
5120,6
5121,8
5122,37
5123,11
5124,32
5125,13
5126,26
5127,21
5128,12
5129,9
5130,3
5131,31
5132,21
5133,1
5134,3
5135,14
5136,21
5137,11
5138,13
5139,14
5140,3
5141,34
5142,8
5143,39
5144,36
5145,8
5146,9
5147,6
5148,7
5149,28
5150,7
5151,13
5152,4
5153,5
5154,6
5155,36
5156,11
5157,6
5158,7
5159,3
5160,9
5161,32
5162,6
5163,7
5164,16
5165,10
5166,24
5167,24
5168,33
5169,39
5170,10
5171,13
5172,4
5173,20
5174,8
5175,3
5176,14
5177,9
5178,10
5179,37
5180,25
5181,10
5182,10
5183,40
5184,6
5185,3
5186,37
5187,11
5188,37
5189,30
5190,7
5191,3
5192,46
5193,30
5194,17
5195,9
5196,7
5197,1
5198,4
5199,23
5200,9
5201,8
5202,19
5203,30
5204,37
5205,3
5206,34
5207,6
5208,11
5209,26
5210,10
5211,12
5212,17
5213,12
5214,23
5215,6
5216,10
5217,14
5218,39
5219,10
5220,4
5221,30
5222,3
5223,35
5224,28
5225,6
5226,6
5227,17
5228,4
5229,30
5230,27
5231,12
5232,6
5233,6
5234,12
5235,30
5236,9
5237,20
5238,25
5239,20
5240,14
5241,3
5242,5
5243,9
5244,5
5245,37
5246,12
5247,5
5248,6
5249,3
5250,24
5251,3
5252,31
5253,5
5254,10
5255,26
5256,21
5257,18
5258,12
5259,7
5260,13
5261,33
5262,3
5263,5
5264,4
5265,12
5266,12
5267,7
5268,24
5269,11
5270,36
5271,4
5272,24
5273,9
5274,8
5275,1
5276,8
5277,9
5278,1
5279,14
5280,37
5281,13
5282,11
5283,11
5284,5
5285,35
5286,9
5287,56
5288,13
5289,37
5290,4
5291,50
5292,9
5293,37
5294,33
5295,5
5296,25
5297,11
5298,13
5299,3
5300,50
5301,13
5302,26
5303,10
5304,3
5305,10
5306,45
5307,6
5308,28
5309,4
5310,25
5311,9
5312,17
5313,10
5314,11
5315,12
5316,54
5317,39
5318,14
5319,9
5320,5
5321,51
5322,31
5323,12
5324,4
5325,11
5326,11
5327,33
5328,11
5329,23
5330,9
5331,19
5332,10
5333,10
5334,8
5335,5
5336,12
5337,3
5338,17
5339,8
5340,38
5341,9
5342,9
5343,16
5344,44
5345,30
5346,13
5347,9
5348,27
5349,6
5350,51
5351,20
5352,4
5353,3
5354,24
5355,9
5356,1
5357,9
5358,12
5359,10
5360,3
5361,41
5362,7
5363,3
5364,7
5365,6
5366,1
5367,3
5368,10
5369,13
5370,9
5371,1
5372,7
5373,13
5374,13
5375,10
5376,9
5377,9
5378,36
5379,12
5380,9
5381,3
5382,11
5383,11
5384,19
5385,12
5386,11
5387,38
5388,26
5389,9
5390,39
5391,7
5392,8
5393,8
5394,12
5395,12
5396,9
5397,9
5398,3
5399,10
5400,9
5401,5
5402,12
5403,5
5404,19
5405,52
5406,9
5407,36
5408,9
5409,52
5410,11
5411,54
5412,9
5413,3
5414,9
5415,13
5416,10
5417,17
5418,11
5419,26
5420,12
5421,16
5422,5
5423,5
5424,13
5425,4
5426,16
5427,40
5428,28
5429,1
5430,3
5431,9
5432,13
5433,10
5434,11
5435,3
5436,10
5437,23
5438,16
5439,24
5440,10
5441,11
5442,42
5443,3
5444,14
5445,7
5446,14
5447,9
5448,11
5449,12
5450,17
5451,6
5452,4
5453,17
5454,12
5455,14
5456,4
5457,4
5458,6
5459,4
5460,39
5461,10
5462,3
5463,4
5464,6
5465,10
5466,31
5467,9
5468,7
5469,31
5470,37
5471,1
5472,10
5473,6
5474,6
5475,30
5476,9
5477,31
5478,3
5479,26
5480,9
5481,32
5482,3
5483,21
5484,7
5485,8
5486,9
5487,3
5488,16
5489,38
5490,7
5491,9
5492,13
5493,10
5494,27
5495,9
5496,37
5497,5
5498,11
5499,43
5500,13
5501,10
5502,3
5503,9
5504,50
5505,10
5506,9
5507,5
5508,13
5509,32
5510,4
5511,40
5512,3
5513,6
5514,7
5515,4
5516,4
5517,54
5518,6
5519,9
5520,46
5521,3
5522,26
5523,32
5524,10
5525,29
5526,8
5527,37
5528,3
5529,3
5530,9
5531,25
5532,40
5533,33
5534,19
5535,6
5536,3
5537,47
5538,9
5539,3
5540,10
5541,9
5542,4
5543,1
5544,4
5545,12
5546,13
5547,36
5548,9
5549,6
5550,6
5551,3
5552,23
5553,17
5554,27
5555,10
5556,18
5557,30
5558,14
5559,9
5560,1
5561,20
5562,6
5563,9
5564,24
5565,9
5566,26
5567,37
5568,3
5569,29
5570,10
5571,32
5572,15
5573,6
5574,9
5575,13
5576,1
5577,1
5578,32
5579,13
5580,14
5581,34
5582,31
5583,53
5584,30
5585,17
5586,4
5587,11
5588,19
5589,23
5590,28
5591,27
5592,26
5593,5
5594,25
5595,34
5596,12
5597,1
5598,5
5599,25
5600,5
5601,9
5602,32
5603,14
5604,4
5605,13
5606,20
5607,9
5608,6
5609,9
5610,9
5611,23
5612,5
5613,12
5614,10
5615,24
5616,9
5617,5
5618,9
5619,31
5620,24
5621,14
5622,8
5623,5
5624,40
5625,9
5626,32
5627,10
5628,51
5629,9
5630,12
5631,9
5632,24
5633,10
5634,16
5635,9
5636,6
5637,12
5638,6
5639,27
5640,8
5641,9
5642,8
5643,6
5644,37
5645,12
5646,48
5647,42
5648,23
5649,9
5650,14
5651,9
5652,11
5653,18
5654,16
5655,9
5656,3
5657,34
5658,3
5659,1
5660,8
5661,30
5662,5
5663,24
5664,9
5665,10
5666,14
5667,9
5668,10
5669,4
5670,3
5671,13
5672,9
5673,13
5674,17
5675,38
5676,9
5677,38
5678,9
5679,11
5680,3
5681,38
5682,20
5683,17
5684,1
5685,14
5686,11
5687,51
5688,25
5689,9
5690,13
5691,3
5692,24
5693,8
5694,9
5695,38
5696,8
5697,10
5698,10
5699,5
5700,4
5701,12
5702,1
5703,8
5704,4
5705,16
5706,6
5707,6
5708,17
5709,3
5710,9
5711,37
5712,19
5713,4
5714,9
5715,4
5716,9
5717,10
5718,13
5719,4
5720,4
5721,1
5722,6
5723,10
5724,4
5725,41
5726,26
5727,12
5728,16
5729,9
5730,10
5731,14
5732,3
5733,14
5734,9
5735,17
5736,9
5737,12
5738,23
5739,11
5740,24
5741,18
5742,3
5743,1
5744,9
5745,38
5746,46
5747,10
5748,5
5749,9
5750,37
5751,9
5752,5
5753,9
5754,35
5755,20
5756,20
5757,25
5758,31
5759,10
5760,20
5761,16
5762,19
5763,12
5764,8
5765,3
5766,9
5767,9
5768,9
5769,33
5770,36
5771,12
5772,9
5773,1
5774,4
5775,9
5776,46
5777,9
5778,3
5779,9
5780,1
5781,21
5782,4
5783,14
5784,5
5785,6
5786,4
5787,9
5788,23
5789,7
5790,3
5791,17
5792,8
5793,39
5794,12
5795,31
5796,22
5797,23
5798,8
5799,20
5800,11
5801,14
5802,8
5803,11
5804,32
5805,12
5806,4
5807,8
5808,36
5809,12
5810,9
5811,7
5812,12
5813,9
5814,13
5815,51
5816,6
5817,13
5818,12
5819,12
5820,17
5821,10
5822,12
5823,13
5824,30
5825,37
5826,13
5827,30
5828,36
5829,14
5830,13
5831,21
5832,32
5833,11
5834,37
5835,23
5836,3
5837,10
5838,11
5839,31
5840,5
5841,8
5842,12
5843,14
5844,27
5845,30
5846,3
5847,12
5848,7
5849,40
5850,1
5851,11
5852,26
5853,38
5854,16
5855,38
5856,8
5857,11
5858,16
5859,1
5860,10
5861,28
5862,9
5863,17
5864,7
5865,6
5866,9
5867,53
5868,4
5869,6
5870,32
5871,5
5872,16
5873,3
5874,14
5875,33
5876,5
5877,13
5878,27
5879,53
5880,15
5881,32
5882,26
5883,22
5884,4
5885,17
5886,31
5887,30
5888,10
5889,4
5890,9
5891,17
5892,10
5893,9
5894,3
5895,11
5896,29
5897,9
5898,16
5899,5
5900,1
5901,10
5902,4
5903,51
5904,10
5905,10
5906,13
5907,9
5908,3
5909,10
5910,21
5911,5
5912,38
5913,7
5914,4
5915,14
5916,6
5917,7
5918,23
5919,9
5920,5
5921,12
5922,9
5923,3
5924,1
5925,19
5926,5
5927,3
5928,8
5929,11
5930,9
5931,40
5932,8
5933,6
5934,8
5935,13
5936,12
5937,3
5938,29
5939,4
5940,4
5941,1
5942,15
5943,10
5944,24
5945,25
5946,39
5947,4
5948,9
5949,11
5950,24
5951,12
5952,37
5953,17
5954,6
5955,6
5956,43
5957,9
5958,9
5959,6
5960,8
5961,13
5962,3
5963,24
5964,9
5965,6
5966,18
5967,23
5968,26
5969,31
5970,8
5971,8
5972,9
5973,19
5974,1
5975,25
5976,30
5977,1
5978,26
5979,5
5980,17
5981,45
5982,3
5983,7
5984,25
5985,13
5986,11
5987,48
5988,10
5989,18
5990,37
5991,50
5992,29
5993,9
5994,3
5995,12
5996,8
5997,6
5998,47
5999,4
6000,44
6001,26
6002,51
6003,30
6004,31
6005,39
6006,39
6007,10
6008,14
6009,8
6010,5
6011,6
6012,28
6013,3
6014,19
6015,16
6016,9
6017,10
6018,9
6019,14
6020,10
6021,23
6022,10
6023,9
6024,38
6025,6
6026,12
6027,14
6028,4
6029,12
6030,9
6031,31
6032,25
6033,9
6034,1
6035,9
6036,6
6037,9
6038,10
6039,4
6040,7
6041,3
6042,14
6043,3
6044,11
6045,38
6046,6
6047,53
6048,29
6049,5
6050,8
6051,36
6052,6
6053,4
6054,10
6055,8
6056,29
6057,11
6058,14
6059,28
6060,38
6061,7
6062,13
6063,12
6064,3
6065,3
6066,11
6067,12
6068,26
6069,20
6070,5
6071,12
6072,25
6073,36
6074,9
6075,11
6076,6
6077,3
6078,12
6079,25
6080,17
6081,52
6082,6
6083,9
6084,3
6085,21
6086,31
6087,9
6088,31
6089,9
6090,9
6091,20
6092,1
6093,25
6094,7
6095,10
6096,5
6097,12
6098,39
6099,6
6100,42
6101,10
6102,30
6103,8
6104,33
6105,18
6106,11
6107,32
6108,6
6109,6
6110,7
6111,3
6112,11
6113,25
6114,44
6115,12
6116,13
6117,10
6118,6
6119,16
6120,43
6121,12
6122,52
6123,4
6124,25
6125,4
6126,10
6127,1
6128,9
6129,4
6130,10
6131,10
6132,29
6133,23
6134,50
6135,39
6136,39
6137,6
6138,1
6139,28
6140,8
6141,4
6142,14
6143,10
6144,24
6145,47
6146,47
6147,16
6148,13
6149,4
6150,25
6151,13
6152,31
6153,4
6154,5
6155,51
6156,11
6157,19
6158,10
6159,18
6160,10
6161,9
6162,13
6163,1
6164,13
6165,9
6166,21
6167,10
6168,9
6169,6
6170,3
6171,44
6172,6
6173,17
6174,22
6175,30
6176,24
6177,13
6178,20
6179,19
6180,8
6181,26
6182,12
6183,38
6184,14
6185,3
6186,14
6187,3
6188,9
6189,9
6190,6
6191,10
6192,4
6193,6
6194,11
6195,9
6196,6
6197,9
6198,3
6199,9
6200,16
6201,3
6202,11
6203,12
6204,13
6205,12
6206,39
6207,37
6208,6
6209,32
6210,9
6211,11
6212,33
6213,24
6214,9
6215,36
6216,10
6217,11
6218,23
6219,9
6220,1
6221,51
6222,42
6223,31
6224,10
6225,11
6226,8
6227,9
6228,11
6229,9
6230,4
6231,1
6232,11
6233,9
6234,1
6235,39
6236,29
6237,32
6238,9
6239,5
6240,7
6241,11
6242,3
6243,4
6244,22
6245,4
6246,3
6247,9
6248,12
6249,13
6250,50
6251,3
6252,30
6253,11
6254,9
6255,4
6256,9
6257,17
6258,3
6259,56
6260,27
6261,23
6262,29
6263,4
6264,5
6265,8
6266,9
6267,11
6268,6
6269,6
6270,3
6271,9
6272,16
6273,17
6274,3
6275,9
6276,20
6277,32
6278,38
6279,6
6280,4
6281,9
6282,4
6283,40
6284,5
6285,4
6286,11
6287,20
6288,30
6289,11
6290,24
6291,4
6292,7
6293,12
6294,33
6295,13
6296,4
6297,19
6298,14
6299,37
6300,16
6301,11
6302,14
6303,1
6304,9
6305,16
6306,5
6307,18
6308,6
6309,19
6310,12
6311,38
6312,15
6313,29
6314,7
6315,10
6316,7
6317,17
6318,14
6319,5
6320,9
6321,42
6322,9
6323,11
6324,29
6325,41
6326,6
6327,9
6328,9
6329,31
6330,3
6331,44
6332,4
6333,13
6334,45
6335,45
6336,31
6337,38
6338,45
6339,23
6340,10
6341,19
6342,10
6343,7
6344,16
6345,9
6346,4
6347,22
6348,17
6349,11
6350,11
6351,16
6352,7
6353,11
6354,36
6355,5
6356,28
6357,9
6358,5
6359,11
6360,30
6361,11
6362,8
6363,10
6364,9
6365,10
6366,9
6367,4
6368,11
6369,28
6370,13
6371,7
6372,12
6373,50
6374,12
6375,7
6376,29
6377,13
6378,29
6379,12
6380,38
6381,16
6382,27
6383,30
6384,37
6385,28
6386,1
6387,49
6388,23
6389,24
6390,23
6391,4
6392,10
6393,13
6394,41
6395,9
6396,11
6397,43
6398,1
6399,16
6400,8
6401,10
6402,51
6403,3
6404,1
6405,42
6406,18
6407,11
6408,33
6409,15
6410,38
6411,28
6412,11
6413,4
6414,4
6415,37
6416,20
6417,10
6418,5
6419,4
6420,9
6421,27
6422,43
6423,5
6424,28
6425,14
6426,30
6427,30
6428,30
6429,6
6430,9
6431,7
6432,3
6433,12
6434,9
6435,4
6436,11
6437,19
6438,39
6439,11
6440,34
6441,4
6442,31
6443,10
6444,9
6445,37
6446,9
6447,3
6448,38
6449,25
6450,8
6451,6
6452,38
6453,31
6454,7
6455,14
6456,9
6457,29
6458,4
6459,3
6460,9
6461,9
6462,6
6463,9
6464,21
6465,42
6466,6
6467,18
6468,38
6469,30
6470,14
6471,30
6472,1
6473,8
6474,13
6475,25
6476,12
6477,9
6478,4
6479,7
6480,10
6481,4
6482,5
6483,11
6484,6
6485,8
6486,30
6487,39
6488,10
6489,5
6490,16
6491,13
6492,9
6493,9
6494,30
6495,13
6496,3
6497,37
6498,40
6499,17
6500,10
6501,9
6502,9
6503,7
6504,9
6505,3
6506,7
6507,9
6508,10
6509,26
6510,4
6511,9
6512,14
6513,11
6514,24
6515,36
6516,24
6517,10
6518,9
6519,3
6520,30
6521,9
6522,11
6523,30
6524,5
6525,50
6526,9
6527,12
6528,13
6529,9
6530,11
6531,10
6532,7
6533,9
6534,31
6535,20
6536,32
6537,10
6538,31
6539,3
6540,36
6541,9
6542,24
6543,31
6544,9
6545,27
6546,25
6547,15
6548,9
6549,23
6550,3
6551,9
6552,1
6553,9
6554,25
6555,10
6556,13
6557,16
6558,23
6559,13
6560,26
6561,13
6562,9
6563,18
6564,4
6565,25
6566,9
6567,3
6568,3
6569,4
6570,12
6571,10
6572,9
6573,14
6574,9
6575,10
6576,6
6577,11
6578,31
6579,12
6580,10
6581,7
6582,9
6583,1
6584,39
6585,13
6586,12
6587,9
6588,8
6589,29
6590,27
6591,35
6592,17
6593,14
6594,27
6595,12
6596,3
6597,23
6598,25
6599,30
6600,3
6601,35
6602,9
6603,9
6604,4
6605,36
6606,5
6607,4
6608,24
6609,3
6610,9
6611,5
6612,9
6613,13
6614,30
6615,13
6616,17
6617,6
6618,30
6619,1
6620,9
6621,5
6622,18
6623,34
6624,38
6625,5
6626,28
6627,23
6628,5
6629,5
6630,6
6631,5
6632,40
6633,3
6634,10
6635,20
6636,18
6637,9
6638,10
6639,3
6640,12
6641,9
6642,26
6643,4
6644,5
6645,32
6646,33
6647,6
6648,1
6649,13
6650,9
6651,11
6652,14
6653,9
6654,34
6655,11
6656,9
6657,11
6658,6
6659,12
6660,9
6661,9
6662,9
6663,12
6664,13
6665,5
6666,10
6667,6
6668,1
6669,4
6670,9
6671,37
6672,36
6673,19
6674,4
6675,13
6676,5
6677,1
6678,27
6679,1
6680,5
6681,3
6682,9
6683,6
6684,13
6685,32
6686,9
6687,3
6688,12
6689,9
6690,27
6691,43
6692,14
6693,9
6694,7
6695,36
6696,18
6697,4
6698,37
6699,3
6700,52
6701,5
6702,5
6703,3
6704,4
6705,8
6706,41
6707,25
6708,9
6709,17
6710,6
6711,32
6712,24
6713,3
6714,42
6715,7
6716,44
6717,23
6718,30
6719,4
6720,40
6721,3
6722,30
6723,1
6724,9
6725,8
6726,9
6727,6
6728,18
6729,23
6730,30
6731,1
6732,3
6733,4
6734,9
6735,26
6736,33
6737,7
6738,4
6739,3
6740,8
6741,9
6742,10
6743,12
6744,27
6745,14
6746,20
6747,31
6748,3
6749,27
6750,1
6751,18
6752,52
6753,31
6754,9
6755,4
6756,3
6757,24
6758,13
6759,7
6760,8
6761,6
6762,40
6763,11
6764,51
6765,33
6766,1
6767,23
6768,5
6769,12
6770,13
6771,33
6772,10
6773,3
6774,11
6775,30
6776,5
6777,5
6778,12
6779,54
6780,38
6781,20
6782,38
6783,9
6784,9
6785,20
6786,19
6787,8
6788,25
6789,37
6790,12
6791,8
6792,30
6793,10
6794,13
6795,7
6796,9
6797,3
6798,12
6799,21
6800,27
6801,6
6802,13
6803,24
6804,30
6805,10
6806,26
6807,9
6808,24
6809,14
6810,1
6811,10
6812,3
6813,1
6814,38
6815,27
6816,17
6817,38
6818,27
6819,6
6820,6
6821,8
6822,12
6823,38
6824,26
6825,44
6826,14
6827,1
6828,10
6829,17
6830,29
6831,10
6832,13
6833,9
6834,14
6835,9
6836,23
6837,13
6838,6
6839,13
6840,9
6841,30
6842,4
6843,39
6844,5
6845,13
6846,45
6847,32
6848,11
6849,13
6850,17
6851,7
6852,45
6853,27
6854,27
6855,9
6856,30
6857,1
6858,7
6859,1
6860,8
6861,5
6862,25
6863,35
6864,14
6865,37
6866,9
6867,13
6868,12
6869,18
6870,5
6871,29
6872,9
6873,19
6874,35
6875,7
6876,30
6877,4
6878,23
6879,5
6880,31
6881,27
6882,9
6883,27
6884,30
6885,3
6886,1
6887,9
6888,40
6889,11
6890,12
6891,8
6892,31
6893,1
6894,1
6895,1
6896,12
6897,9
6898,6
6899,18
6900,31
6901,44
6902,3
6903,41
6904,9
6905,14
6906,38
6907,26
6908,1
6909,10
6910,10
6911,6
6912,37
6913,24
6914,9
6915,36
6916,17
6917,54
6918,14
6919,3
6920,26
6921,28
6922,7
6923,9
6924,9
6925,3
6926,6
6927,9
6928,17
6929,12
6930,19
6931,9
6932,16
6933,9
6934,24
6935,3
6936,7
6937,39
6938,56
6939,11
6940,26
6941,19
6942,19
6943,11
6944,4
6945,43
6946,25
6947,16
6948,39
6949,11
6950,10
6951,9
6952,37
6953,27
6954,26
6955,4
6956,14
6957,6
6958,16
6959,28
6960,33
6961,14
6962,3
6963,10
6964,30
6965,9
6966,31
6967,10
6968,38
6969,9
6970,9
6971,5
6972,4
6973,8
6974,41
6975,6
6976,19
6977,9
6978,5
6979,4
6980,7
6981,37
6982,3
6983,17
6984,9
6985,38
6986,12
6987,38
6988,25
6989,9
6990,36
6991,14
6992,31
6993,4
6994,7
6995,39
6996,37
6997,25
6998,9
6999,9
7000,7
7001,23
7002,24
7003,24
7004,6
7005,13
7006,13
7007,1
7008,7
7009,7
7010,4
7011,5
7012,33
7013,4
7014,4
7015,27
7016,4
7017,6
7018,9
7019,27
7020,9
7021,12
7022,9
7023,9
7024,16
7025,11
7026,13
7027,27
7028,8
7029,8
7030,38
7031,41
7032,47
7033,44
7034,12
7035,23
7036,19
7037,11
7038,9
7039,9
7040,8
7041,13
7042,38
7043,9
7044,15
7045,9
7046,40
7047,11
7048,4
7049,32
7050,30
7051,30
7052,1
7053,3
7054,22
7055,11
7056,10
7057,7
7058,21
7059,13
7060,9
7061,11
7062,11
7063,1
7064,9
7065,7
7066,8
7067,10
7068,3
7069,16
7070,11
7071,9
7072,14
7073,5
7074,9
7075,30
7076,10
7077,9
7078,9
7079,37
7080,13
7081,14
7082,9
7083,32
7084,16
7085,18
7086,18
7087,4
7088,52
7089,3
7090,1
7091,10
7092,3
7093,26
7094,3
7095,29
7096,9
7097,19
7098,22
7099,9
7100,23
7101,17
7102,43
7103,36
7104,24
7105,6
7106,18
7107,17
7108,6
7109,26
7110,3
7111,5
7112,11
7113,31
7114,41
7115,25
7116,3
7117,5
7118,13
7119,13
7120,9
7121,14
7122,39
7123,25
7124,26
7125,11
7126,6
7127,23
7128,4
7129,24
7130,30
7131,10
7132,5
7133,38
7134,10
7135,10
7136,6
7137,1
7138,5
7139,11
7140,37
7141,16
7142,18
7143,5
7144,39
7145,23
7146,9
7147,14
7148,1
7149,41
7150,32
7151,11
7152,5
7153,11
7154,7
7155,37
7156,5
7157,10
7158,9
7159,9
7160,8
7161,11
7162,11
7163,22
7164,37
7165,10
7166,6
7167,30
7168,13
7169,10
7170,26
7171,3
7172,11
7173,24
7174,9
7175,6
7176,25
7177,9
7178,10
7179,40
7180,22
7181,37
7182,31
7183,9
7184,9
7185,4
7186,31
7187,30
7188,12
7189,9
7190,46
7191,37
7192,9
7193,1
7194,6
7195,38
7196,9
7197,27
7198,23
7199,5
7200,28
7201,37
7202,20
7203,1
7204,19
7205,11
7206,12
7207,12
7208,42
7209,8
7210,1
7211,4
7212,17
7213,9
7214,10
7215,44
7216,30
7217,37
7218,10
7219,13
7220,3
7221,27
7222,32
7223,9
7224,21
7225,29
7226,13
7227,4
7228,31
7229,9
7230,5
7231,4
7232,3
7233,3
7234,8
7235,33
7236,18
7237,46
7238,32
7239,34
7240,31
7241,4
7242,4
7243,5
7244,38
7245,26
7246,5
7247,23
7248,13
7249,12
7250,39
7251,5
7252,9
7253,9
7254,3
7255,23
7256,4
7257,31
7258,8
7259,28
7260,9
7261,20
7262,43
7263,40
7264,35
7265,14
7266,36
7267,13
7268,45
7269,21
7270,22
7271,17
7272,4
7273,3
7274,26
7275,13
7276,24
7277,12
7278,5
7279,25
7280,27
7281,14
7282,44
7283,23
7284,12
7285,29
7286,6
7287,6
7288,5
7289,3
7290,9
7291,11
7292,9
7293,9
7294,9
7295,14
7296,8
7297,3
7298,6
7299,4
7300,9
7301,11
7302,10
7303,9
7304,52
7305,40
7306,27
7307,5
7308,1
7309,12
7310,11
7311,3
7312,1
7313,4
7314,9
7315,5
7316,3
7317,8
7318,3
7319,9
7320,9
7321,3
7322,5
7323,9
7324,1
7325,16
7326,37
7327,38
7328,14
7329,11
7330,9
7331,11
7332,3
7333,6
7334,9
7335,1
7336,37
7337,9
7338,29
7339,3
7340,10
7341,17
7342,12
7343,9
7344,24
7345,24
7346,5
7347,9
7348,3
7349,27
7350,14
7351,10
7352,9
7353,23
7354,14
7355,8
7356,55
7357,10
7358,13
7359,28
7360,36
7361,14
7362,1
7363,31
7364,48
7365,12
7366,20
7367,18
7368,10
7369,11
7370,45
7371,13
7372,16
7373,4
7374,16
7375,9
7376,10
7377,26
7378,5
7379,3
7380,12
7381,14
7382,32
7383,11
7384,8
7385,9
7386,10
7387,52
7388,16
7389,40
7390,36
7391,36
7392,9
7393,9
7394,3
7395,31
7396,39
7397,10
7398,28
7399,6
7400,5
7401,9
7402,10
7403,30
7404,28
7405,40
7406,10
7407,20
7408,13
7409,43
7410,5
7411,8
7412,3
7413,39
7414,6
7415,1
7416,8
7417,9
7418,35
7419,1
7420,24
7421,24
7422,3
7423,1
7424,12
7425,39
7426,35
7427,10
7428,37
7429,32
7430,12
7431,13
7432,9
7433,4
7434,12
7435,5
7436,4
7437,1
7438,7
7439,10
7440,8
7441,29
7442,14
7443,53
7444,9
7445,5
7446,4
7447,31
7448,11
7449,9
7450,48
7451,18
7452,34
7453,7
7454,13
7455,35
7456,13
7457,18
7458,16
7459,23
7460,9
7461,11
7462,37
7463,11
7464,11
7465,50
7466,22
7467,6
7468,4
7469,39
7470,7
7471,9
7472,10
7473,1
7474,5
7475,30
7476,7
7477,10
7478,19
7479,10
7480,19
7481,37
7482,3
7483,6
7484,1
7485,11
7486,8
7487,4
7488,13
7489,32
7490,20
7491,8
7492,19
7493,30
7494,10
7495,10
7496,9
7497,10
7498,16
7499,12
7500,9
7501,1
7502,24
7503,7
7504,8
7505,25
7506,11
7507,9
7508,12
7509,11
7510,14
7511,3
7512,32
7513,24
7514,37
7515,9
7516,12
7517,1
7518,5
7519,13
7520,3
7521,11
7522,11
7523,11
7524,21
7525,3
7526,18
7527,18
7528,45
7529,8
7530,4
7531,31
7532,1
7533,34
7534,11
7535,22
7536,1
7537,3
7538,9
7539,41
7540,27
7541,10
7542,9
7543,9
7544,28
7545,1
7546,10
7547,8
7548,10
7549,13
7550,25
7551,8
7552,21
7553,9
7554,9
7555,51
7556,17
7557,9
7558,11
7559,5
7560,9
7561,12
7562,38
7563,25
7564,32
7565,28
7566,10
7567,16
7568,12
7569,31
7570,23
7571,28
7572,35
7573,16
7574,11
